{
    "available_space": false,
    "id": "d1",
    "size_max": 40.913225173950195,
    "size_mean": 9.458074165956818,
    "size_min": 1.9764862060546875,
    "total_size": 1295.756160736084
}