{
    "available_space": true,
    "id": "d1",
    "size_max": 40.913225173950195,
    "size_mean": 9.026675882010624,
    "size_min": 1.9764862060546875,
    "total_size": 523.5472011566162
}